,district,year,case_number,population,population_year,cases_year,expected,SIR,mean,sd,CropRainfed.n.patches,TreeShrub.n.patches,MosCrop.n.patches,MosNatural.n.patches,BroadEvgClop.n.patches,FloodFresh.n.patches,FloodSalt.n.patches,Urban.n.patches,Water.n.patches,CropRainfed.total.area,TreeShrub.total.area,MosCrop.total.area,MosNatural.total.area,BroadEvgClop.total.area,FloodFresh.total.area,FloodSalt.total.area,Urban.total.area,Water.total.area,CropRainfed.patch.density,TreeShrub.patch.density,MosCrop.patch.density,MosNatural.patch.density,BroadEvgClop.patch.density,FloodFresh.patch.density,FloodSalt.patch.density,Urban.patch.density,Water.patch.density,Herbaceous.n.patches,Herbaceous.total.area,Herbaceous.patch.density,CropIrrigate.n.patches,SparseVeg.n.patches,CropIrrigate.total.area,SparseVeg.total.area,CropIrrigate.patch.density,SparseVeg.patch.density,MosHerbTree.n.patches,MosHerbTree.total.area,MosHerbTree.patch.density,Shrub.n.patches,Shrub.total.area,Shrub.patch.density,ShrubEvg.n.patches,ShrubEvg.total.area,ShrubEvg.patch.density
1,Asajaya,2010,1,31874,2471150,1142,14.73002772,0.067888535,11.56235075,0.13315909,7,15,27,21,21,7,8,6,20,219.8376816,3756.39161,1175.669921,1577.1212,4215.173945,372.7672205,1338.137654,57.34934925,258.0713395,0.000539685,0.001156469,0.002081644,0.001619056,0.001619056,0.000539685,0.000616783,0.000462587,0.001541958,0,0,0,0,0,0,0,0,0,0,0,0,0,0,0,0,0,0
2,Asajaya,2011,2,35061.4,2718265,1172,15.11698116,0.132301547,11.44695425,0.286463026,7,15,27,21,21,7,8,6,20,219.8376816,3756.39161,1175.669921,1577.1212,4215.173945,372.7672205,1338.137654,57.34934925,258.0713395,0.000539685,0.001156469,0.002081644,0.001619056,0.001619056,0.000539685,0.000616783,0.000462587,0.001541958,0,0,0,0,0,0,0,0,0,0,0,0,0,0,0,0,0,0
3,Asajaya,2012,1,38567.54,2990091.5,1218,15.71030977,0.063652469,9.879909039,0.069809342,7,15,27,21,21,7,8,6,20,219.8376816,3756.39161,1175.669921,1577.1212,4205.615751,372.7672205,1338.137654,66.90754305,258.0713395,0.000539685,0.001156469,0.002081644,0.001619056,0.001619056,0.000539685,0.000616783,0.000462587,0.001541958,0,0,0,0,0,0,0,0,0,0,0,0,0,0,0,0,0,0
4,Asajaya,2013,1,42424.294,3289100.65,1000,12.89844809,0.077528707,10.62160206,0.305941613,7,15,27,21,21,7,8,6,20,219.8376816,3756.39161,1175.669921,1577.1212,4205.615751,372.7672205,1338.137654,66.90754305,258.0713395,0.000539685,0.001156469,0.002081644,0.001619056,0.001619056,0.000539685,0.000616783,0.000462587,0.001541958,0,0,0,0,0,0,0,0,0,0,0,0,0,0,0,0,0,0
5,Asajaya,2014,1,46666.7234,3618010.715,1076,13.87873015,0.072052701,9.438950539,0.111006032,7,16,25,23,20,7,8,6,20,219.8376816,3804.183116,1233.01988,1615.354495,4062.24099,372.7672205,1338.137654,66.90754305,258.0713395,0.000539685,0.001233567,0.001927448,0.001773252,0.001541958,0.000539685,0.000616783,0.000462587,0.001541958,0,0,0,0,0,0,0,0,0,0,0,0,0,0,0,0,0,0
6,Bau,2010,80,54246,2471150,1142,25.06886753,3.191209172,11.27702332,0.856320493,11,5,97,68,26,3,18,10,0,382.3481001,114.7051066,7799.968815,22654.42009,62334.42652,66.91339219,869.8848862,248.5281385,0,0.00011598,5.27E-05,0.001022732,0.000716967,0.000274134,3.16E-05,0.000189785,0.000105436,0,14,372.7918403,0.000147611,0,0,0,0,0,0,0,0,0,0,0,0,0,0,0
7,Bau,2011,55,59670.6,2718265,1172,25.72741922,2.137797015,11.26248646,0.691551761,11,5,99,67,26,3,18,10,0,382.3481001,114.7051066,7857.321693,22912.50476,62018.98897,66.91339219,869.8848862,258.0869939,0,0.00011598,5.27E-05,0.001043819,0.000706423,0.000274134,3.16E-05,0.000189785,0.000105436,0,13,363.232985,0.000137067,0,0,0,0,0,0,0,0,0,0,0,0,0,0,0
8,Bau,2012,2,65637.66,2990091.5,1218,26.73719847,0.074802153,9.434926033,0.841434249,11,5,99,67,26,3,18,10,0,382.3481001,114.7051066,7857.321693,22912.50476,62018.98897,66.91339219,869.8848862,258.0869939,0,0.00011598,5.27E-05,0.001043819,0.000706423,0.000274134,3.16E-05,0.000189785,0.000105436,0,13,363.232985,0.000137067,0,0,0,0,0,0,0,0,0,0,0,0,0,0,0
9,Bau,2013,2,72201.426,3289100.65,1000,21.95172288,0.091109022,10.58963648,0.529324986,11,5,99,67,26,3,18,10,0,382.3481001,114.7051066,7857.321693,22912.50476,62018.98897,66.91339219,869.8848862,258.0869939,0,0.00011598,5.27E-05,0.001043819,0.000706423,0.000274134,3.16E-05,0.000189785,0.000105436,0,13,363.232985,0.000137067,0,0,0,0,0,0,0,0,0,0,0,0,0,0,0
10,Bau,2014,1,79421.5686,3618010.715,1076,23.62005382,0.042336906,8.901888529,0.887032058,11,5,97,63,26,3,18,10,0,382.3481001,114.7051066,7360.263095,23466.93598,61846.90655,66.91339219,869.8848862,258.0869939,0,0.00011598,5.27E-05,0.001022732,0.000664249,0.000274134,3.16E-05,0.000189785,0.000105436,0,18,477.9427964,0.000189785,0,0,0,0,0,0,0,0,0,0,0,0,0,0,0
11,Belaga,2010,41,36114,2471150,1142,16.6894717,2.456638576,10.94901816,1.134280186,109,209,302,324,131,213,7,0,36,10534.02644,10410.11471,29795.26189,41683.93302,1758411.636,101206.7202,143.2825802,0,1232.226758,5.54E-05,0.000106151,0.000153386,0.00016456,6.65E-05,0.000108183,3.56E-06,0,1.83E-05,104,15174.76474,5.28E-05,2,11,57.30392073,238.7650819,1.02E-06,5.59E-06,0,0,0,0,0,0,0,0,0
12,Belaga,2011,12,39725.4,2718265,1172,17.12789916,0.700611318,9.325809797,0.357556032,111,223,323,329,133,302,7,0,59,10495.82204,10620.23556,30138.98223,42381.0168,1745087.286,69895.18691,143.2825802,0,39278.89932,5.64E-05,0.000113262,0.000164052,0.000167099,6.76E-05,0.000153386,3.56E-06,0,3.00E-05,112,20436.6483,5.69E-05,3,16,66.84990931,343.8258361,1.52E-06,8.13E-06,0,0,0,0,0,0,0,0,0
13,Belaga,2012,18,43697.94,2990091.5,1218,17.80015458,1.011227173,9.921115716,0.857995707,111,238,355,343,116,404,7,0,67,10495.82204,10839.90415,30864.82807,43068.53774,1736252.13,55155.26292,143.2825802,0,55567.00512,5.64E-05,0.00012088,0.000180305,0.00017421,5.89E-05,0.000205192,3.56E-06,0,3.40E-05,117,26052.38566,5.94E-05,3,18,66.84990931,362.9275334,1.52E-06,9.14E-06,1,19.10028388,5.08E-07,0,0,0,0,0,0
14,Belaga,2013,8,48067.734,3289100.65,1000,14.61424843,0.547410976,9.818957647,1.009013448,111,244,369,352,113,417,7,0,62,10495.82204,10973.61637,31094.04166,43488.77346,1733931.298,53636.70723,143.2825802,0,56703.77116,5.64E-05,0.000123928,0.000187415,0.000178781,5.74E-05,0.000211795,3.56E-06,0,3.15E-05,116,27971.84555,5.89E-05,3,18,66.84990931,362.9275334,1.52E-06,9.14E-06,1,19.10028388,5.08E-07,0,0,0,0,0,0
15,Belaga,2014,5,52874.5074,3618010.715,1076,15.72493131,0.317966413,8.609853427,1.001025234,111,246,380,352,104,512,7,0,75,10524.47052,10992.71276,31361.4413,44376.93491,1725631.324,35497.77552,143.2825802,0,79523.37656,5.64E-05,0.000124944,0.000193002,0.000178781,5.28E-05,0.000260045,3.56E-06,0,3.81E-05,121,30359.18669,6.15E-05,3,20,66.84990931,391.5802919,1.52E-06,1.02E-05,1,19.10028388,5.08E-07,0,0,0,0,0,0
16,Betong,2010,14,62131,2471150,1142,28.71278635,0.487587649,10.98626537,0.593635706,44,35,207,238,143,61,68,17,51,1213.910105,3068.125134,20167.833,42582.06396,115798.0924,32985.90506,4664.443092,458.8012332,6767.332042,0.000191185,0.000152079,0.000899437,0.001034136,0.000621351,0.000265052,0.000295467,7.39E-05,0.000221601,56,2427.780329,0.000243326,0,1,0,9.558682128,0,4.35E-06,0,0,0,0,0,0,0,0,0
17,Betong,2011,54,68344.1,2718265,1172,29.4670627,1.832554556,10.03989105,0.732488725,44,35,205,231,146,60,69,17,51,1204.352153,3087.2406,20177.39007,43432.73941,114918.7434,32976.34728,4674.002284,468.3591854,6748.215179,0.000191185,0.000152079,0.000890747,0.00100372,0.000634386,0.000260707,0.000299812,7.39E-05,0.000221601,58,2446.89673,0.000252016,0,1,0,9.558682128,0,4.35E-06,0,0,0,0,0,0,0,0,0
18,Betong,2012,71,75178.51,2990091.5,1218,30.62361977,2.318471837,9.738100624,0.193389796,44,35,204,227,146,60,68,17,51,1204.352153,3087.2406,20186.94844,43862.85479,114488.628,32976.34728,4664.443913,477.9170448,6738.657319,0.000191185,0.000152079,0.000886402,0.00098634,0.000634386,0.000260707,0.000295467,7.39E-05,0.000221601,58,2446.89673,0.000252016,0,1,0,9.558682128,0,4.35E-06,0,0,0,0,0,0,0,0,0
19,Betong,2013,42,82696.361,3289100.65,1000,25.14254497,1.670475286,9.40718441,0.710061723,44,35,208,226,149,59,68,18,51,1204.352153,3087.2406,20311.20669,44962.07058,113217.3635,32966.7891,4664.443913,497.0338612,6738.657319,0.000191185,0.000152079,0.000903783,0.000981995,0.000647421,0.000256361,0.000295467,7.82E-05,0.000221601,60,2485.128622,0.000260707,0,1,0,9.558682128,0,4.35E-06,0,0,0,0,0,0,0,0,0
20,Betong,2014,57,90965.9971,3618010.715,1076,27.05337839,2.106945727,9.005039215,0.406941134,43,35,217,212,150,59,66,18,50,1213.910449,3135.029095,20492.81133,47437.66599,110397.673,32957.2305,4578.419392,506.5927394,6882.034066,0.00018684,0.000152079,0.000942889,0.000921163,0.000651766,0.000256361,0.000286777,7.82E-05,0.000217255,61,2494.686065,0.000265052,3,1,38.23363865,9.558682128,1.30E-05,4.35E-06,0,0,0,0,0,0,0,0,0
21,Bintulu,2010,47,189146,2471150,1142,87.41061125,0.537692156,11.38671144,0.49082093,231,138,762,769,293,147,22,15,50,10901.92597,33234.2281,112267.9508,113234.1037,402005.7987,13394.67728,4247.406688,2978.575841,1097.844738,0.000323801,0.00019344,0.001068124,0.001077937,0.000410709,0.000206055,3.08E-05,2.10E-05,7.01E-05,252,19808.45349,0.000353238,7,0,152.731778,0,9.81E-06,0,0,0,0,3,76.33646922,4.21E-06,0,0,0
22,Bintulu,2011,47,208060.6,2718265,1172,89.70686199,0.523928705,9.285798391,0.099482377,231,155,776,796,306,148,22,17,50,10901.91721,32957.57194,113222.6274,114637.5434,399046.126,12516.39347,4247.406688,3035.853857,1097.844738,0.000323801,0.000217269,0.001087749,0.001115784,0.000428932,0.000207457,3.08E-05,2.38E-05,7.01E-05,265,21498.13558,0.000371461,8,0,162.2768498,0,1.12E-05,0,0,0,0,3,76.33646922,4.21E-06,0,0,0
23,Bintulu,2012,43,228866.66,2990091.5,1218,93.22777978,0.461235912,10.2304039,0.495815216,231,156,797,791,322,141,22,19,49,10921.00685,32843.04619,114454.1633,117205.7652,394444.3556,12182.2775,4247.406688,3140.870375,1069.207361,0.000323801,0.000218671,0.001117185,0.001108775,0.00045136,0.000197645,3.08E-05,2.66E-05,6.87E-05,290,22653.32116,0.000406504,8,0,162.2768498,0,1.12E-05,0,0,0,0,3,76.33646922,4.21E-06,0,0,0
24,Bintulu,2013,47,251753.326,3289100.65,1000,76.54169112,0.614044442,10.53213056,0.34458005,229,157,810,786,331,143,22,21,49,10854.18697,32642.615,113604.7894,117148.6793,395226.6157,11838.55422,4247.406688,3245.884276,1069.207361,0.000320998,0.000220073,0.001135408,0.001101766,0.000463975,0.000200449,3.08E-05,2.94E-05,6.87E-05,308,23283.48133,0.000431735,8,0,162.2768498,0,1.12E-05,0,0,0,0,3,76.33646922,4.21E-06,0,0,0
25,Bintulu,2014,38,276928.6586,3618010.715,1076,82.35885964,0.461395412,9.42690595,0.521218332,229,173,838,797,336,143,22,21,49,10873.28433,29206.88676,115285.2563,121120.4111,391520.6177,10902.77193,4247.406688,3255.43177,1069.207361,0.000320998,0.000242501,0.001174657,0.001117185,0.000470984,0.000200449,3.08E-05,2.94E-05,6.87E-05,329,25680.14633,0.000461172,8,0,162.2768498,0,1.12E-05,0,0,0,0,3,76.33646922,4.21E-06,0,0,0
26,Dalat,2010,13,19062,2471150,1142,8.809179532,1.475733348,9.817380905,0.475309904,35,24,122,133,59,34,11,1,22,2359.040393,1556.682636,18137.79003,18003.50527,51231.90417,12732.1881,372.4530567,9.550794022,668.5113596,0.000329423,0.00022589,0.001148274,0.001251806,0.000555313,0.000320011,0.000103533,9.41E-06,0.000207066,16,725.9252363,0.000150593,0,5,0,448.9072243,0,4.71E-05,0,0,0,0,0,0,0,0,0
27,Dalat,2011,3,20968.2,2718265,1172,9.040594055,0.331836601,9.169091702,0.022747834,35,24,124,135,58,34,11,1,22,2359.040393,1556.682636,18433.90493,18060.8154,51012.21154,12407.40924,372.4530567,9.550794022,668.5113596,0.000329423,0.00022589,0.001167098,0.001270631,0.000545901,0.000320011,0.000103533,9.41E-06,0.000207066,17,735.4776091,0.000160005,0,6,0,630.4012975,0,5.65E-05,0,0,0,0,0,0,0,0,0
28,Dalat,2012,66,23065.02,2990091.5,1218,9.395429658,7.024692047,9.476130486,0.286711861,35,24,130,134,58,34,11,1,22,2359.040393,1556.682636,18768.21159,18500.14243,50420.07257,12025.31656,372.4530567,9.550794022,668.5113596,0.000329423,0.00022589,0.00122357,0.001261219,0.000545901,0.000320011,0.000103533,9.41E-06,0.000207066,19,783.2395887,0.000178829,0,9,0,783.2372918,0,8.47E-05,0,0,0,0,0,0,0,0,0
29,Dalat,2013,61,25371.522,3289100.65,1000,7.713817453,7.90788742,8.434658051,0.559000732,35,24,134,135,62,35,11,1,22,2359.040393,1547.131931,18921.04356,19111.44795,49560.41071,11948.89922,372.4530567,19.10156705,668.5113596,0.000329423,0.00022589,0.001261219,0.001270631,0.000583549,0.000329423,0.000103533,9.41E-06,0.000207066,23,859.6598193,0.000216478,0,15,0,878.7587048,0,0.000141181,0,0,0,0,0,0,0,0,0
30,Dalat,2014,66,27908.6742,3618010.715,1076,8.30006758,7.951742485,9.332374096,0.12262575,35,25,127,125,69,34,11,1,22,2359.040393,1508.929601,19417.74482,20477.31995,47669.17445,11920.24255,372.4530567,19.10156705,668.5113596,0.000329423,0.000235302,0.001195334,0.00117651,0.000649433,0.000320011,0.000103533,9.41E-06,0.000207066,25,907.4216946,0.000235302,0,17,0,926.5188308,0,0.000160005,0,0,0,0,0,0,0,0,0
31,Daro,2010,2,30671,2471150,1142,14.1740817,0.141102615,9.857727051,NA,122,50,212,327,171,136,150,10,230,5560.223274,2187.431075,28678.0846,33502.73549,92401.34886,7260.621316,37203.40832,133.7598208,11884.5525,0.00055506,0.000227483,0.00096453,0.001487742,0.000777993,0.000618755,0.00068245,4.55E-05,0.001046424,30,850.2860533,0.00013649,5,3,95.53768431,38.21068404,2.27E-05,1.36E-05,0,0,0,0,0,0,0,0,0
32,Daro,2011,23,33738.1,2718265,1172,14.54643061,1.581143898,9.728578568,NA,121,51,220,333,179,136,150,10,230,5684.42443,2206.532997,29853.14595,35126.85362,89306.01296,7241.519393,37193.85397,133.7598208,11884.5525,0.00055051,0.000232033,0.001000927,0.00151504,0.000814391,0.000618755,0.00068245,4.55E-05,0.001046424,38,1022.242779,0.000172887,5,4,95.53768431,47.76356604,2.27E-05,1.82E-05,0,0,0,0,0,0,0,0,0
33,Daro,2012,61,37111.91,2990091.5,1218,15.1173656,4.03509458,9.347629547,NA,121,54,230,323,192,136,151,10,230,5674.869194,2397.612338,30369.03863,37782.81651,85904.85154,7241.519393,37193.85439,133.7598208,11779.46737,0.00055051,0.000245682,0.001046424,0.001469543,0.000873536,0.000618755,0.000687,4.55E-05,0.001046424,43,1175.109243,0.000195636,5,4,95.53768431,47.76356604,2.27E-05,1.82E-05,0,0,0,0,0,0,0,0,0
34,Daro,2013,23,40823.101,3289100.65,1000,12.41163021,1.853100649,8.462387085,NA,121,55,233,319,197,135,151,11,230,5674.869194,2454.918473,30426.35974,39234.83503,84395.51562,7203.309564,37327.5829,143.3148497,11597.97721,0.00055051,0.000250232,0.001060073,0.001451344,0.000896285,0.000614205,0.000687,5.00E-05,0.001046424,44,1184.662084,0.000200185,5,5,95.53768431,57.31734108,2.27E-05,2.27E-05,0,0,0,0,0,0,0,0,0
35,Daro,2014,2,44905.4111,3618010.715,1076,13.35491411,0.149757609,9.26690197,NA,122,56,232,275,232,132,154,12,217,5751.292077,2588.640489,31677.77997,47422.12375,76303.68683,7165.079627,38235.05623,152.866578,9123.938218,0.00055506,0.000254781,0.001055523,0.001251159,0.001055523,0.000600556,0.000700649,5.46E-05,0.000987278,45,1222.880894,0.000204735,5,5,95.53768431,57.31734108,2.27E-05,2.27E-05,0,0,0,0,0,0,0,0,0
36,Julau,2010,45,15816,2471150,1142,7.309095765,6.156712327,10.15451145,0.888541276,0,1,83,121,18,2,5,0,0,0,19.11157411,3574.103659,19007.54012,143765.595,47.78376239,47.78156439,0,0,0,6.01E-06,0.000498584,0.000726851,0.000108127,1.20E-05,3.00E-05,0,0,1,9.555473286,6.01E-06,0,0,0,0,0,0,0,0,0,0,0,0,0,0,0
37,Julau,2011,65,17397.6,2718265,1172,7.501103535,8.665391659,9.453456561,0.267330434,0,1,83,122,18,2,5,0,0,0,19.11157411,3574.103659,19045.76528,143727.3698,47.78376239,47.78156439,0,0,0,6.01E-06,0.000498584,0.000732858,0.000108127,1.20E-05,3.00E-05,0,0,1,9.555473286,6.01E-06,0,0,0,0,0,0,0,0,0,0,0,0,0,0,0
38,Julau,2012,81,19137.36,2990091.5,1218,7.795515448,10.39058938,9.615493457,0.527691531,0,1,83,123,18,2,5,0,0,0,19.11157411,3574.103659,19294.22878,143478.9063,47.78376239,47.78156439,0,0,0,6.01E-06,0.000498584,0.000738865,0.000108127,1.20E-05,3.00E-05,0,0,1,9.555473286,6.01E-06,0,0,0,0,0,0,0,0,0,0,0,0,0,0,0
39,Julau,2013,60,21051.096,3289100.65,1000,6.400258989,9.374620637,8.441694419,0.671972755,0,1,83,125,18,2,5,0,0,0,19.11157411,3574.103659,19284.66191,143450.2497,47.78376239,47.78156439,0,0,0,6.01E-06,0.000498584,0.000750879,0.000108127,1.20E-05,3.00E-05,0,0,2,47.77898318,1.20E-05,0,0,0,0,0,0,0,0,0,0,0,0,0,0,0
40,Julau,2014,78,23156.2056,3618010.715,1076,6.886678672,11.32621452,9.184164365,0.093399221,0,1,85,126,18,2,5,0,0,0,19.11157411,3631.441473,20517.43021,142160.1436,47.78376239,47.78156439,0,0,0,6.01E-06,0.000510598,0.000756886,0.000108127,1.20E-05,3.00E-05,0,0,2,47.77898318,1.20E-05,0,0,0,0,0,0,0,0,0,0,0,0,0,0,0
41,Kanowit,2010,62,28954,2471150,1142,13.38059932,4.633574217,11.04287338,NA,20,21,165,184,48,15,26,3,1,554.2173723,2876.137774,12804.49567,32269.50298,164864.6714,888.7029716,716.6739646,85.99764417,2551.290295,9.18E-05,9.64E-05,0.000757234,0.00084443,0.000220286,6.88E-05,0.000119322,1.38E-05,4.59E-06,15,286.6757069,6.88E-05,0,0,0,0,0,0,0,0,0,0,0,0,0,0,0
42,Kanowit,2011,79,31849.4,2718265,1172,13.73210368,5.752942292,9.704525948,NA,20,21,165,185,46,15,26,3,1,554.2173723,2876.137774,12737.61029,32326.85097,164864.6521,888.7029716,716.6739646,85.99764417,2551.290295,9.18E-05,9.64E-05,0.000757234,0.00084902,0.000211108,6.88E-05,0.000119322,1.38E-05,4.59E-06,16,296.2323457,7.34E-05,0,0,0,0,0,0,0,0,0,0,0,0,0,0,0
43,Kanowit,2012,73,35034.34,2990091.5,1218,14.27107703,5.115241117,10.18196011,NA,20,21,169,184,47,14,26,3,1,554.2173723,2876.137774,12785.39094,32775.99827,164367.7242,879.1466571,716.6739646,85.99764417,2551.290295,9.18E-05,9.64E-05,0.000775591,0.00084443,0.000215697,6.43E-05,0.000119322,1.38E-05,4.59E-06,17,305.7886455,7.80E-05,0,0,0,0,0,0,0,0,0,0,0,0,0,0,0
44,Kanowit,2013,68,38537.774,3289100.65,1000,11.71681201,5.803626442,9.101714134,NA,20,21,182,191,47,10,26,3,1,554.2173723,2876.137774,13148.52677,33378.03907,163373.8786,363.1125047,716.6739646,85.99764417,2551.290295,9.18E-05,9.64E-05,0.000835252,0.000876555,0.000215697,4.59E-05,0.000119322,1.38E-05,4.59E-06,26,850.4917494,0.000119322,0,0,0,0,0,0,0,0,0,0,0,0,0,0,0
45,Kanowit,2014,76,42391.5514,3618010.715,1076,12.60728972,6.028258386,9.282272339,NA,20,23,202,190,59,6,25,3,1,554.2173723,2923.91481,13798.32689,35155.39919,160220.4571,219.7727745,688.0076026,85.99764417,2551.290295,9.18E-05,0.000105554,0.000927038,0.000871966,0.000270768,2.75E-05,0.000114732,1.38E-05,4.59E-06,36,1700.982111,0.000165215,0,0,0,0,0,0,0,0,0,0,0,0,0,0,0
46,Kapit,2010,11,56053,2471150,1142,25.90394189,0.424645795,13.27262974,0.762401488,123,16,288,416,12,102,9,0,39,5360.659644,515.952346,15813.31985,26774.30515,1528177.424,5055.975929,286.71161,0,3382.478739,7.75E-05,1.01E-05,0.000181538,0.000262221,7.56E-06,6.43E-05,5.67E-06,0,2.46E-05,24,1079.763305,1.51E-05,0,0,0,0,0,0,0,0,0,0,0,0,0,0,0
47,Kapit,2011,30,61658.3,2718265,1172,26.58443073,1.128480061,10.44455862,0.437593799,123,16,284,416,11,102,9,0,39,5360.659644,515.952346,15927.94791,26755.19948,1528091.454,5008.211723,286.71161,0,3382.478739,7.75E-05,1.01E-05,0.000179016,0.000262221,6.93E-06,6.43E-05,5.67E-06,0,2.46E-05,24,1117.97473,1.51E-05,0,0,0,0,0,0,0,0,0,0,0,0,0,0,0
48,Kapit,2012,31,67824.13,2990091.5,1218,27.62784695,1.12205631,11.65810323,0.514226656,123,15,280,418,10,102,9,0,39,5360.659644,496.8411167,15851.50083,26688.3095,1528263.458,5008.211723,286.71161,0,3382.478739,7.75E-05,9.46E-06,0.000176495,0.000263482,6.30E-06,6.43E-05,5.67E-06,0,2.46E-05,23,1108.41914,1.45E-05,0,0,0,0,0,0,0,0,0,0,0,0,0,0,0
49,Kapit,2013,25,74606.543,3289100.65,1000,22.68296137,1.102148859,11.18409562,0.410613884,123,15,279,418,10,100,9,0,39,5360.659644,496.8411167,15937.4787,26716.97033,1528187.033,4941.33945,286.71161,0,3382.478739,7.75E-05,9.46E-06,0.000175865,0.000263482,6.30E-06,6.30E-05,5.67E-06,0,2.46E-05,23,1137.077683,1.45E-05,0,0,0,0,0,0,0,0,0,0,0,0,0,0,0
50,Kapit,2014,28,82067.1973,3618010.715,1076,24.40686644,1.147218143,9.821554661,0.061078794,122,15,288,423,12,99,9,0,39,5456.217927,496.8411167,16176.37385,27089.6166,1526285.412,4559.090506,286.71161,0,3382.478739,7.69E-05,9.46E-06,0.000181538,0.000266634,7.56E-06,6.24E-05,5.67E-06,0,2.46E-05,28,2713.848591,1.76E-05,0,0,0,0,0,0,0,0,0,0,0,0,0,0,0
51,Kuching,2010,35,617887,2471150,1142,285.5459822,0.122572203,11.87802601,NA,110,57,249,146,148,62,96,72,158,2886.541724,2800.691143,17483.19141,48962.47318,53634.92307,6078.811868,25299.51187,10246.50122,2657.073328,0.000621742,0.000322175,0.001407398,0.000825221,0.000836525,0.000350436,0.000542611,0.000406958,0.000893047,96,6767.43263,0.000542611,3,2,57.34676722,47.7920226,1.70E-05,1.13E-05,0,0,0,0,0,0,0,0,0
52,Kuching,2011,29,679675.7,2718265,1172,293.0471902,0.098960171,11.67387009,NA,110,57,249,148,150,62,96,73,157,2915.215167,2800.690188,17435.39392,49153.66474,53309.91693,6078.811868,25337.74381,10418.55326,2590.167047,0.000621742,0.000322175,0.001407398,0.000836525,0.00084783,0.000350436,0.000542611,0.000412611,0.000887395,100,6776.994513,0.00056522,3,2,57.34676722,47.7920226,1.70E-05,1.13E-05,0,0,0,0,0,0,0,0,0
53,Kuching,2012,21,747643.27,2990091.5,1218,304.5490423,0.068954412,10.00563717,NA,109,57,249,148,151,62,96,74,157,2905.656687,2791.131118,17435.39392,49153.66474,53300.35899,6078.811868,25337.74381,10552.37151,2590.167047,0.00061609,0.000322175,0.001407398,0.000836525,0.000853482,0.000350436,0.000542611,0.000418263,0.000887395,103,6671.851759,0.000582177,3,2,57.34676722,47.7920226,1.70E-05,1.13E-05,0,0,0,0,0,0,0,0,0
54,Kuching,2013,14,822407.597,3289100.65,1000,250.0402647,0.055990982,10.9491663,NA,108,57,247,148,150,62,96,74,157,2896.098542,2772.014113,17148.60332,49134.54611,53596.71042,6078.811868,25318.62758,10915.59342,2571.050152,0.000610437,0.000322175,0.001396093,0.000836525,0.00084783,0.000350436,0.000542611,0.000418263,0.000887395,112,6394.654378,0.000633046,3,1,57.34676722,38.23356718,1.70E-05,5.65E-06,0,0,0,0,0,0,0,0,0
55,Kuching,2014,61,904648.3567,3618010.715,1076,269.0433248,0.226729283,9.465769768,NA,108,57,229,150,157,64,91,75,153,2982.120149,2800.684228,16727.95136,49564.67729,53252.69034,6097.927026,25634.02411,11068.52919,2150.52218,0.000610437,0.000322175,0.001294354,0.00084783,0.000887395,0.000361741,0.00051435,0.000423915,0.000864786,117,6547.584027,0.000661307,3,1,57.34676722,38.23356718,1.70E-05,5.65E-06,0,0,0,0,0,0,0,0,0
56,Lawas,2010,44,38395,2471150,1142,17.74359711,2.479767757,10.14566596,1.266761437,26,18,143,152,15,108,23,6,20,886.4056672,457.6640156,9528.505382,11148.27773,330704.3561,3678.642697,9431.494482,114.3715912,2286.332318,7.06E-05,4.89E-05,0.000388087,0.000412512,4.07E-05,0.000293101,6.24E-05,1.63E-05,5.43E-05,6,162.0129972,1.63E-05,0,1,0,66.68172084,0,2.71E-06,0,0,0,1,9.525948844,2.71E-06,0,0,0
57,Lawas,2011,45,42234.5,2718265,1172,18.20971612,2.471208211,9.089167754,0.548770714,26,18,136,149,15,107,23,6,20,895.9317754,457.6640156,7890.024659,11119.69324,331904.6363,3659.589841,9431.494482,114.3715912,2286.332318,7.06E-05,4.89E-05,0.00036909,0.00040437,4.07E-05,0.000290387,6.24E-05,1.63E-05,5.43E-05,8,190.5926394,2.17E-05,1,5,9.526587793,485.8354722,2.71E-06,1.36E-05,0,0,0,1,28.57776756,2.71E-06,0,0,0
58,Lawas,2012,75,46457.95,2990091.5,1218,18.92443194,3.963130847,8.46405371,0.471885681,26,18,137,148,16,107,23,6,20,895.9317754,457.6640156,7851.929326,11319.80051,331685.459,3659.589841,9431.494482,123.8989678,2286.332318,7.06E-05,4.89E-05,0.000371803,0.000401656,4.34E-05,0.000290387,6.24E-05,1.63E-05,5.43E-05,11,209.6527436,2.99E-05,1,6,9.526587793,514.4133582,2.71E-06,1.63E-05,0,0,0,1,28.57776756,2.71E-06,0,0,0
59,Lawas,2013,59,51103.745,3289100.65,1000,15.53730045,3.797313452,7.822266499,0.667926624,26,18,138,148,18,107,23,6,20,886.4043585,457.6640156,7909.088406,11415.07137,331409.1946,3659.589841,9431.494482,142.9536838,2286.332318,7.06E-05,4.89E-05,0.000374517,0.000401656,4.89E-05,0.000290387,6.24E-05,1.63E-05,5.43E-05,13,276.3286092,3.53E-05,1,6,9.526587793,562.0446604,2.71E-06,1.63E-05,0,0,0,1,28.57776756,2.71E-06,0,0,0
60,Lawas,2014,77,56214.1195,3618010.715,1076,16.71813528,4.605776823,7.383891185,0.904208384,26,18,129,144,17,107,21,6,22,886.4043585,457.6640156,7594.687604,11053.06296,332047.4991,3659.589841,9831.595879,142.9536838,1905.282699,7.06E-05,4.89E-05,0.000350092,0.000390801,4.61E-05,0.000290387,5.70E-05,1.63E-05,5.97E-05,13,276.3286092,3.53E-05,1,8,9.526587793,581.0975959,2.71E-06,2.17E-05,0,0,0,1,28.57776756,2.71E-06,0,0,0
61,Limbang,2010,38,48186,2471150,1142,22.26834146,1.706458475,10.05214119,NA,40,7,172,207,45,153,10,7,12,1257.960986,162.1106262,15210.7622,21663.89745,352967.7713,8972.570683,3392.010635,171.5280328,952.7835406,9.86E-05,1.73E-05,0.000424074,0.000510368,0.000110949,0.000377228,2.47E-05,1.73E-05,2.96E-05,15,838.6498673,3.70E-05,0,0,0,0,0,0,0,0,0,0,0,0,0,0,0
62,Limbang,2011,26,53004.6,2718265,1172,22.85332416,1.137690072,9.047540665,NA,40,7,177,212,46,153,10,7,13,1257.960986,162.1106262,15220.33684,22064.28093,352167.046,8972.570683,3401.538833,171.5280328,943.2553419,9.86E-05,1.73E-05,0.000436401,0.000522695,0.000113415,0.000377228,2.47E-05,1.73E-05,3.21E-05,17,1229.417131,4.19E-05,0,0,0,0,0,0,0,0,0,0,0,0,0,0,0
63,Limbang,2012,40,58305.06,2990091.5,1218,23.75029763,1.68418942,8.368409157,NA,40,7,176,211,46,153,10,7,13,1248.432209,162.1106262,15220.34119,22302.60611,351909.6499,8972.570683,3401.538833,190.5851621,943.2553419,9.86E-05,1.73E-05,0.000433936,0.00052023,0.000113415,0.000377228,2.47E-05,1.73E-05,3.21E-05,19,1238.955312,4.68E-05,0,0,0,0,0,0,0,0,0,0,0,0,0,0,0
64,Limbang,2013,27,64135.566,3289100.65,1000,19.49942335,1.384656332,7.626079559,NA,42,7,174,213,45,153,10,7,13,1229.374195,162.1106262,15115.45805,22197.71537,352119.4238,8972.570683,3401.538833,209.6431756,943.2553419,0.000103553,1.73E-05,0.000429005,0.000525161,0.000110949,0.000377228,2.47E-05,1.73E-05,3.21E-05,19,1238.955312,4.68E-05,0,0,0,0,0,0,0,0,0,0,0,0,0,0,0
65,Limbang,2014,47,70549.1226,3618010.715,1076,20.98137952,2.240081495,7.012670517,NA,41,7,157,217,46,153,9,7,13,1200.783479,162.1106262,13590.26994,20424.62445,355341.4451,8982.100351,3725.482522,228.7010751,619.3116529,0.000101087,1.73E-05,0.00038709,0.000535023,0.000113415,0.000377228,2.22E-05,1.73E-05,3.21E-05,20,1315.216208,4.93E-05,0,0,0,0,0,0,0,0,0,0,0,0,0,0,0
66,Lubok_Antu,2010,16,27984,2471150,1142,12.93233029,1.237209354,12.04265642,0.869736297,6,25,56,61,28,22,22,0,7,162.5188198,2036.281837,9846.751158,9722.374442,110534.0361,554.4653453,889.0519227,0,8221.37231,4.21E-05,0.000175601,0.000393346,0.000428466,0.000196673,0.000154529,0.000154529,0,4.92E-05,8,401.5226157,5.62E-05,0,0,0,0,0,0,0,0,0,0,0,0,0,0,0
67,Lubok_Antu,2011,32,30782.4,2718265,1172,13.27205876,2.411080344,9.754583359,0.447967726,6,25,56,61,28,22,22,0,7,162.5188198,2036.281837,9846.751158,9722.374442,110534.0361,554.4653453,889.0519227,0,8221.37231,4.21E-05,0.000175601,0.000393346,0.000428466,0.000196673,0.000154529,0.000154529,0,4.92E-05,8,401.5226157,5.62E-05,0,0,0,0,0,0,0,0,0,0,0,0,0,0,0
68,Lubok_Antu,2012,34,33860.64,2990091.5,1218,13.79297574,2.465022823,10.47490215,0.745942573,6,25,56,62,28,22,22,0,7,162.5188198,2036.281837,9904.112748,9760.615554,110438.4334,554.4653453,889.0519227,0,8221.37231,4.21E-05,0.000175601,0.000393346,0.00043549,0.000196673,0.000154529,0.000154529,0,4.92E-05,8,401.5226157,5.62E-05,0,0,0,0,0,0,0,0,0,0,0,0,0,0,0
69,Lubok_Antu,2013,13,37246.704,3289100.65,1000,11.32428222,1.147975629,9.79240942,0.629887686,6,25,54,64,28,22,22,0,7,162.5188198,2036.281837,9856.316792,9684.142183,110562.7027,554.4653453,889.0519227,0,8221.37231,4.21E-05,0.000175601,0.000379298,0.000449538,0.000196673,0.000154529,0.000154529,0,4.92E-05,8,401.5226157,5.62E-05,0,0,0,0,0,0,0,0,0,0,0,0,0,0,0
70,Lubok_Antu,2014,46,40971.3744,3618010.715,1076,12.18492767,3.775155771,8.82156229,0.415366296,6,25,53,64,28,22,22,0,7,162.5188198,2036.281837,9856.318543,9837.104724,110409.7384,554.4653453,889.0519227,0,8221.37231,4.21E-05,0.000175601,0.000372274,0.000449538,0.000196673,0.000154529,0.000154529,0,4.92E-05,8,401.5226157,5.62E-05,0,0,0,0,0,0,0,0,0,0,0,0,0,0,0
71,Lundu,2010,69,33413,2471150,1142,15.44125043,4.468550025,9.831816673,NA,68,64,216,187,126,69,54,27,68,2437.220918,2465.862397,29237.96999,31665.39564,80476.2159,10875.82359,13494.80851,879.3177677,1194.636271,0.000382467,0.000359969,0.001214895,0.001051785,0.000708689,0.000388092,0.000303724,0.000151862,0.000382467,60,4998.917153,0.000337471,1,3,9.557548793,57.3450933,5.62E-06,1.69E-05,0,0,0,0,0,0,0,0,0
72,Lundu,2011,44,36754.3,2718265,1172,15.84688748,2.776570481,10.26618195,NA,68,65,223,190,128,69,54,27,67,2446.777943,2504.093484,29897.45729,32229.30555,77857.32662,10655.98585,13504.36537,888.8747932,1118.18107,0.000382467,0.000365594,0.001254267,0.001068658,0.000719938,0.000388092,0.000303724,0.000151862,0.000376843,65,6623.800177,0.000365594,1,3,9.557548793,57.3450933,5.62E-06,1.69E-05,0,0,0,0,0,0,0,0,0
73,Lundu,2012,9,40429.73,2990091.5,1218,16.46886429,0.546485771,8.003521919,NA,68,66,223,185,137,66,54,27,67,2446.777943,2532.766584,30604.74856,33404.9175,74951.71234,10483.93876,13504.36537,888.8747932,1118.18107,0.000382467,0.000371218,0.001254267,0.001040535,0.000770559,0.000371218,0.000303724,0.000151862,0.000376843,78,7780.326964,0.000438712,2,3,19.11581807,57.3450933,1.12E-05,1.69E-05,0,0,0,0,0,0,0,0,0
74,Lundu,2013,66,44472.703,3289100.65,1000,13.52123505,4.881210906,9.748433113,NA,68,65,220,180,159,67,54,27,67,2465.893715,2599.6666,31464.96066,34437.17466,71415.26936,10101.61004,13533.03763,888.8747932,1089.508809,0.000382467,0.000365594,0.001237394,0.001012413,0.000894298,0.000376843,0.000303724,0.000151862,0.000376843,89,9701.49694,0.000500582,3,3,38.23247146,57.3450933,1.69E-05,1.69E-05,0,0,0,0,0,0,0,0,0
75,Lundu,2014,2,48919.9733,3618010.715,1076,14.54884892,0.13746792,7.461710453,NA,68,57,217,181,185,67,57,27,61,2485.00723,2580.548957,32659.71839,36367.88247,67343.54101,9900.888233,13685.9421,888.8747932,802.8095703,0.000382467,0.000320597,0.00122052,0.001018037,0.001040535,0.000376843,0.000320597,0.000151862,0.000343095,113,10972.7223,0.00063557,3,4,38.23247146,66.90326177,1.69E-05,2.25E-05,0,0,0,0,0,0,0,0,0
76,Marudi,2010,19,29441,2471150,1142,13.60565809,1.396477838,8.931178229,0.266360899,166,36,663,661,231,579,40,6,45,5322.845687,906.6424769,72064.84235,150446.1511,1920340.898,50437.58655,1383.661963,171.7272056,7266.704691,7.46E-05,1.62E-05,0.000297827,0.000296928,0.000103768,0.000260093,1.80E-05,2.70E-06,2.02E-05,73,3032.936132,3.28E-05,1,6,19.0657809,219.3865051,4.49E-07,2.70E-06,0,0,0,29,14496.15503,1.30E-05,1,19.08065481,4.49E-07
77,Marudi,2011,64,32385.1,2718265,1172,13.96307468,4.583517704,8.80459295,0.06821041,166,38,679,681,249,576,40,6,45,5360.984504,925.7151221,73590.77045,156265.2131,1913368.08,49445.5776,1374.125807,171.7272056,7266.704691,7.46E-05,1.71E-05,0.000305014,0.000305912,0.000111853,0.000258745,1.80E-05,2.70E-06,2.02E-05,101,3595.557589,4.54E-05,2,6,28.60649315,219.3865051,8.98E-07,2.70E-06,0,0,0,29,14496.15503,1.30E-05,1,19.08065481,4.49E-07
78,Marudi,2012,33,35623.61,2990091.5,1218,14.51111345,2.274119082,8.198903424,0.362352607,166,38,703,683,276,571,39,6,45,5370.520046,925.7151221,74496.91113,164127.0872,1904647.414,48768.18015,1364.587493,171.7272056,7266.704691,7.46E-05,1.71E-05,0.000315795,0.000306811,0.000123982,0.000256499,1.75E-05,2.70E-06,2.02E-05,120,4206.531662,5.39E-05,3,6,47.6833459,219.3865051,1.35E-06,2.70E-06,0,0,0,29,14496.15503,1.30E-05,1,19.08065481,4.49E-07
79,Marudi,2013,7,39185.971,3289100.65,1000,11.91388625,0.587549676,7.76200567,0.624642146,166,38,715,680,282,565,39,6,45,5370.520046,925.7151221,74935.68592,167857.6527,1900582.899,48357.93459,1364.587493,171.7272056,7266.704691,7.46E-05,1.71E-05,0.000321186,0.000305463,0.000126677,0.000253804,1.75E-05,2.70E-06,2.02E-05,125,4511.951797,5.62E-05,3,6,47.6833459,219.3865051,1.35E-06,2.70E-06,0,0,0,29,14496.15503,1.30E-05,1,19.08065481,4.49E-07
80,Marudi,2014,22,43104.5681,3618010.715,1076,12.8193416,1.71615678,6.59153986,0.334450953,164,39,732,662,310,560,38,7,45,5523.114753,935.2513146,76223.42107,180459.4895,1886302.226,48100.35793,1355.0513,190.7997911,7266.704691,7.37E-05,1.75E-05,0.000328822,0.000297377,0.000139255,0.000251558,1.71E-05,3.14E-06,2.02E-05,137,4950.818595,6.15E-05,5,6,66.75464589,238.4594233,2.25E-06,2.70E-06,0,0,0,29,14496.15503,1.30E-05,1,19.08065481,4.49E-07
81,Matu,2010,2,64018,2471150,1142,29.58483135,0.067602211,9.481286049,NA,55,25,113,215,80,79,60,1,31,2120.445856,735.4379446,36401.71139,26629.74189,79068.12211,5501.756233,4317.123042,9.550165258,6189.434041,0.000336894,0.000153133,0.000692163,0.001316948,0.000490027,0.000483902,0.00036752,6.13E-06,0.000189885,19,382.0729212,0.000116381,1,15,9.55284079,1891.341486,6.13E-06,9.19E-05,0,0,0,0,0,0,0,0,0
82,Matu,2011,23,70419.8,2718265,1172,30.36201607,0.757525454,9.153006554,NA,56,28,127,217,85,81,60,1,31,2139.550974,850.0583348,37328.21905,28138.88702,76632.47595,5243.844689,4317.123042,9.550165258,6189.434041,0.000343019,0.000171509,0.000777918,0.001329198,0.000520654,0.000496152,0.00036752,6.13E-06,0.000189885,21,401.1760619,0.000128632,1,18,9.55284079,1996.417751,6.13E-06,0.000110256,0,0,0,0,0,0,0,0,0
83,Matu,2012,2,77461.78,2990091.5,1218,31.55369929,0.06338401,9.273394585,NA,56,29,128,213,90,80,60,1,31,2139.550974,859.6100631,37538.34621,28817.04885,75734.63523,5234.292253,4317.123042,9.550165258,6189.434041,0.000343019,0.000177635,0.000784043,0.001304697,0.00055128,0.000490027,0.00036752,6.13E-06,0.000189885,21,401.1760619,0.000128632,1,18,9.55284079,2005.970187,6.13E-06,0.000110256,0,0,0,0,0,0,0,0,0
84,Matu,2013,1,85207.958,3289100.65,1000,25.90615705,0.038600862,8.039384842,NA,56,30,127,211,92,80,60,1,31,2139.550974,869.1608362,37643.41334,29132.24736,75285.71373,5224.741523,4317.123042,9.550165258,6189.434041,0.000343019,0.00018376,0.000777918,0.001292446,0.000563531,0.000490027,0.00036752,6.13E-06,0.000189885,22,410.7282719,0.000134757,1,18,9.55284079,2025.073793,6.13E-06,0.000110256,0,0,0,0,0,0,0,0,0
85,Matu,2014,1,93728.7538,3618010.715,1076,27.87502499,0.035874407,9.245664597,NA,57,30,136,203,96,80,59,2,31,2168.206528,869.1608362,38063.69099,31501.11175,72525.21236,5224.741523,4393.52004,19.10122336,6007.983323,0.000349144,0.00018376,0.000833046,0.001243444,0.000588032,0.000490027,0.000361395,1.23E-05,0.000189885,22,410.7282719,0.000134757,1,19,9.55284079,2063.280235,6.13E-06,0.000116381,0,0,0,0,0,0,0,0,0
86,Meradong,2010,39,17369,2471150,1142,8.026788337,4.858730337,9.710330486,0.628673856,16,1,66,37,44,2,8,3,3,1605.22378,28.66450622,7319.299843,19645.73071,15613.24054,487.3117421,219.7650325,133.7689981,257.9826553,0.000351706,2.20E-05,0.001450788,0.00081332,0.000967192,4.40E-05,0.000175853,6.59E-05,6.59E-05,6,181.5435073,0.00013189,0,0,0,0,0,0,0,0,0,0,0,0,0,0,0
87,Meradong,2011,80,19105.9,2718265,1172,8.237649677,9.71150791,9.327921867,0.219948555,16,1,67,38,44,2,8,4,3,1595.668785,28.66450622,7328.855043,19722.17235,15508.1333,487.3117421,219.7650325,143.3239926,257.9826553,0.000351706,2.20E-05,0.001472769,0.000835302,0.000967192,4.40E-05,0.000175853,8.79E-05,6.59E-05,7,200.6539078,0.000153871,0,0,0,0,0,0,0,0,0,0,0,0,0,0,0
88,Meradong,2012,9,21016.49,2990091.5,1218,8.560970398,1.051282691,9.332260132,0.274936368,16,1,66,36,45,2,8,4,3,1595.668785,28.66450622,7347.965095,20161.70171,15030.38345,487.3117421,219.7650325,143.3239926,257.9826553,0.000351706,2.20E-05,0.001450788,0.000791339,0.000989173,4.40E-05,0.000175853,8.79E-05,6.59E-05,7,219.7643475,0.000153871,0,0,0,0,0,0,0,0,0,0,0,0,0,0,0
89,Meradong,2013,23,23118.139,3289100.65,1000,7.028711329,3.27229259,8.111684561,0.49965561,16,1,67,34,48,2,8,4,3,1595.668785,28.66450622,7300.189777,20305.02921,14934.83127,487.3117421,219.7650325,143.3239926,257.9826553,0.000351706,2.20E-05,0.001472769,0.000747375,0.001055118,4.40E-05,0.000175853,8.79E-05,6.59E-05,7,219.7643475,0.000153871,0,0,0,0,0,0,0,0,0,0,0,0,0,0,0
90,Meradong,2014,3,25429.9529,3618010.715,1076,7.56289339,0.396673581,9.135110378,0.054854966,16,1,71,32,55,2,8,4,3,1547.895031,28.66450622,7347.971471,21642.78308,13587.5137,487.3117421,219.7650325,143.3239926,257.9826553,0.000351706,2.20E-05,0.001560696,0.000703412,0.00120899,4.40E-05,0.000175853,8.79E-05,6.59E-05,8,229.3201037,0.000175853,0,0,0,0,0,0,0,0,0,0,0,0,0,0,0
91,Miri,2010,43,300543,2471150,1142,138.8908427,0.309595645,9.831534386,NA,175,56,542,427,375,61,19,21,57,7534.538554,5152.778627,143107.579,148177.5526,120098.7767,6206.852282,1926.360183,5910.778218,2202.306482,0.000377959,0.000120947,0.001170594,0.000922221,0.000809913,0.000131746,4.10E-05,4.54E-05,0.000123107,144,9584.556591,0.000311007,6,4,133.4983109,66.75994083,1.30E-05,8.64E-06,0,0,0,63,12910.34449,0.000136065,0,0,0
92,Miri,2011,49,330597.3,2718265,1172,142.5394638,0.343764447,9.031214714,NA,174,56,549,438,379,65,19,23,57,7505.935401,5152.778627,143441.437,148597.1777,119183.0974,5873.107398,1926.360183,5996.580854,2202.306482,0.0003758,0.000120947,0.001185713,0.000945978,0.000818552,0.000140385,4.10E-05,4.97E-05,0.000123107,157,10013.78075,0.000339084,6,4,133.4983109,85.82575742,1.30E-05,8.64E-06,0,0,0,63,12900.79619,0.000136065,0,0,0
93,Miri,2012,38,363657.03,2990091.5,1218,148.1340161,0.25652447,8.626726151,NA,174,56,549,441,384,62,19,23,57,7496.402277,5152.778627,143851.7743,148826.1767,118438.8657,5672.686097,1926.360183,6139.574097,2202.306482,0.0003758,0.000120947,0.001185713,0.000952458,0.000829351,0.000133906,4.10E-05,4.97E-05,0.000123107,163,10166.55295,0.000352042,7,5,152.5804425,104.907889,1.51E-05,1.08E-05,0,0,0,61,12881.71631,0.000131746,0,0,0
94,Miri,2013,17,400022.733,3289100.65,1000,121.6207029,0.139778834,9.396248817,NA,174,56,556,441,391,59,19,25,57,7486.864454,5152.778627,144223.6841,149569.9698,117265.9598,5567.774817,1926.360183,6215.854454,2202.306482,0.0003758,0.000120947,0.001200831,0.000952458,0.000844469,0.000127426,4.10E-05,5.40E-05,0.000123107,166,10261.92465,0.000358521,7,5,152.5804425,104.907889,1.51E-05,1.08E-05,0,0,0,61,12881.71631,0.000131746,0,0,0
95,Miri,2014,44,440025.0063,3618010.715,1076,130.8638763,0.33622724,7.804339409,NA,176,56,563,449,380,59,19,28,57,7343.84659,5162.318432,143546.5509,149350.7078,118171.865,5567.774817,1926.360183,6301.674426,2211.848047,0.000380119,0.000120947,0.001215949,0.000969736,0.000820712,0.000127426,4.10E-05,6.05E-05,0.000123107,167,10261.93407,0.000360681,7,5,152.5804425,104.907889,1.51E-05,1.08E-05,0,0,0,59,12910.31344,0.000127426,0,0,0
96,Mukah,2010,61,42922,2471150,1142,19.83567327,3.075267432,10.15347576,NA,123,109,216,358,194,78,5,4,42,6312.524383,5834.76331,78942.21231,50492.45215,88489.6745,11010.73484,133.6843337,66.84711811,639.7765885,0.000496873,0.000440319,0.000872558,0.001446184,0.000783686,0.00031509,2.02E-05,1.62E-05,0.000169664,74,4641.627412,0.000298932,1,17,19.09722263,964.6338641,4.04E-06,6.87E-05,0,0,0,0,0,0,0,0,0
97,Mukah,2011,23,47214.2,2718265,1172,20.3567505,1.129846338,9.185176849,NA,123,110,221,365,203,78,5,4,42,6331.62346,5872.961347,80527.52077,51562.09293,85490.92388,10915.24189,133.6843337,66.84711811,639.7765885,0.000496873,0.000444358,0.000892756,0.001474461,0.000820043,0.00031509,2.02E-05,1.62E-05,0.000169664,85,5023.624638,0.000343368,1,17,19.09722263,964.6338641,4.04E-06,6.87E-05,0,0,0,0,0,0,0,0,0
98,Mukah,2012,23,51935.62,2990091.5,1218,21.15573559,1.087175622,9.678866386,NA,123,110,224,368,205,78,5,4,42,6331.62346,5872.961347,80632.57951,52135.14632,84851.0142,10848.38911,133.6843337,66.84711811,639.7765885,0.000496873,0.000444358,0.000904875,0.00148658,0.000828122,0.00031509,2.02E-05,1.62E-05,0.000169664,88,5052.274968,0.000355487,1,17,19.09722263,964.6338641,4.04E-06,6.87E-05,0,0,0,0,0,0,0,0,0
99,Mukah,2013,23,57129.182,3289100.65,1000,17.36924104,1.324179908,8.829931259,NA,123,110,227,369,204,78,5,4,42,6331.62346,5863.412138,80594.38527,52240.22141,84803.23309,10838.83858,133.6843337,66.84711811,639.7765885,0.000496873,0.000444358,0.000916994,0.00149062,0.000824083,0.00031509,2.02E-05,1.62E-05,0.000169664,88,5052.274968,0.000355487,1,17,19.09722263,964.6338641,4.04E-06,6.87E-05,0,0,0,0,0,0,0,0,0
100,Mukah,2014,1,62842.1002,3618010.715,1076,18.68930336,0.053506542,9.419083595,NA,122,110,226,362,214,78,5,4,42,6322.073706,5806.116377,80794.94322,53949.73326,82931.36025,10838.83858,133.6843337,143.2434445,639.7765885,0.000492834,0.000444358,0.000912954,0.001462342,0.000864479,0.00031509,2.02E-05,1.62E-05,0.000169664,90,5004.527192,0.000363566,1,17,19.09722263,964.6338641,4.04E-06,6.87E-05,0,0,0,0,0,0,0,0,0
101,Pakan,2010,13,15480,2471150,1142,7.153819072,1.81721118,10.15487003,NA,1,1,119,125,33,1,0,1,0,19.11555588,9.55769923,5055.65555,33410.76191,89636.49349,28.66976334,0,9.556531753,0,7.80E-06,7.80E-06,0.000928456,0.000975269,0.000257471,7.80E-06,0,7.80E-06,0,0,0,0,0,0,0,0,0,0,0,0,0,0,0,0,0,0,0
102,Pakan,2011,38,17028,2718265,1172,7.341747769,5.175879258,9.483448982,NA,1,1,119,125,33,1,0,1,0,19.11555588,9.55769923,5055.65555,33410.76191,89636.49349,28.66976334,0,9.556531753,0,7.80E-06,7.80E-06,0.000928456,0.000975269,0.000257471,7.80E-06,0,7.80E-06,0,0,0,0,0,0,0,0,0,0,0,0,0,0,0,0,0,0,0
103,Pakan,2012,62,18730.8,2990091.5,1218,7.629905105,8.125920198,9.526669502,NA,1,1,119,125,33,1,0,1,0,19.11555588,9.55769923,5055.65555,33353.41792,89693.83748,28.66976334,0,9.556531753,0,7.80E-06,7.80E-06,0.000928456,0.000975269,0.000257471,7.80E-06,0,7.80E-06,0,0,0,0,0,0,0,0,0,0,0,0,0,0,0,0,0,0,0
104,Pakan,2013,40,20603.88,3289100.65,1000,6.264289906,6.385400517,8.464994431,NA,1,1,119,125,33,1,0,1,0,19.11555588,9.55769923,5055.65555,33353.41792,89693.83748,28.66976334,0,9.556531753,0,7.80E-06,7.80E-06,0.000928456,0.000975269,0.000257471,7.80E-06,0,7.80E-06,0,0,0,0,0,0,0,0,0,0,0,0,0,0,0,0,0,0,0
105,Pakan,2014,58,22664.268,3618010.715,1076,6.740375938,8.604861291,9.09632206,NA,1,1,119,128,33,1,0,1,0,19.11555588,9.55769923,5046.098154,33468.08961,89588.72318,28.66976334,0,9.556531753,0,7.80E-06,7.80E-06,0.000928456,0.000998675,0.000257471,7.80E-06,0,7.80E-06,0,0,0,0,0,0,0,0,0,0,0,0,0,0,0,0,0,0,0
106,Samarahan,2010,23,87923,2471150,1142,40.63212108,0.566054624,11.70172906,0.180889071,19,39,78,53,40,27,8,20,13,439.6962396,3785.271876,9271.947509,10820.51067,11346.10466,3230.787468,974.9692166,1070.570646,305.8754891,0.000433527,0.000889871,0.001779742,0.001209312,0.000912688,0.000616065,0.000182538,0.000456344,0.000296624,42,2580.840894,0.000958323,0,0,0,0,0,0,0,0,0,0,0,0,0,0,0
107,Samarahan,2011,39,96715.3,2718265,1172,41.6995148,0.935262681,11.42265272,0.280621123,19,40,79,48,44,25,7,20,13,439.6962396,3785.272154,9357.976895,11432.267,10715.22588,3096.967916,965.410797,1118.364238,305.8754891,0.000433527,0.000912688,0.001802559,0.001095226,0.001003957,0.00057043,0.00015972,0.000456344,0.000296624,44,2609.518056,0.001003957,0,0,0,0,0,0,0,0,0,0,0,0,0,0,0
108,Samarahan,2012,39,106386.83,2990091.5,1218,43.33618518,0.899940773,9.937862635,0.078529661,19,41,81,47,47,25,7,21,13,439.6962396,3775.713448,9348.41899,11508.73906,10619.63574,3096.967916,965.410797,1204.392322,305.8754891,0.000433527,0.000935505,0.001848194,0.001072409,0.001072409,0.00057043,0.00015972,0.000479161,0.000296624,46,2561.724666,0.001049591,0,0,0,0,0,0,0,0,0,0,0,0,0,0,0
109,Samarahan,2013,39,117025.513,3289100.65,1000,35.57979079,1.096127862,10.70068455,0.242217981,19,41,81,47,47,25,7,24,13,439.6962396,3775.713448,9348.41899,11527.85704,10600.51776,3096.967916,965.410797,1261.744763,305.8754891,0.000433527,0.000935505,0.001848194,0.001072409,0.001072409,0.00057043,0.00015972,0.000547613,0.000296624,46,2504.372225,0.001049591,0,0,0,0,0,0,0,0,0,0,0,0,0,0,0
110,Samarahan,2014,48,128728.0643,3618010.715,1076,38.28385489,1.253792235,9.406828642,0.104935778,17,41,82,47,57,22,9,23,13,439.6960021,3747.036928,9530.034728,11929.3265,10132.13634,2991.823219,927.1769136,1290.420919,305.8754891,0.000387893,0.000935505,0.001871011,0.001072409,0.001300581,0.000501979,0.000205355,0.000524796,0.000296624,47,2533.047637,0.001072409,0,0,0,0,0,0,0,0,0,0,0,0,0,0,0
111,Saratok,2010,48,46094,2471150,1142,21.30155919,2.253356178,10.56143093,NA,46,47,164,140,82,38,36,6,16,1548.203977,4262.3144,13542.22645,38303.85412,69191.40289,1748.839257,8887.322673,219.8152587,2169.480497,0.000325819,0.000332902,0.001161615,0.000991622,0.000580807,0.000269155,0.000254989,4.25E-05,0.000113328,20,1290.202372,0.00014166,2,0,19.11283157,0,1.42E-05,0,0,0,0,0,0,0,0,0,0
112,Saratok,2011,39,50703.4,2718265,1172,21.86114481,1.783987085,10.12215328,NA,46,47,165,135,93,37,35,6,16,1548.203977,4262.3144,13676.01048,40024.04669,67194.08658,1739.283436,8743.982576,219.8152587,2169.480497,0.000325819,0.000332902,0.001168698,0.000956207,0.000658721,0.000262072,0.000247906,4.25E-05,0.000113328,24,1586.438011,0.000169992,2,0,19.11283157,0,1.42E-05,0,0,0,0,0,0,0,0,0,0
113,Saratok,2012,47,55773.74,2990091.5,1218,22.71917609,2.068736992,9.585898399,NA,46,47,163,130,102,37,35,6,16,1548.203977,4290.982746,13589.99082,41084.81693,66104.66127,1739.283436,8734.426885,219.8152587,2169.480497,0.000325819,0.000332902,0.001154532,0.000920792,0.000722468,0.000262072,0.000247906,4.25E-05,0.000113328,24,1682.000086,0.000169992,2,0,19.11283157,0,1.42E-05,0,0,0,0,0,0,0,0,0,0
114,Saratok,2013,32,61351.114,3289100.65,1000,18.65285393,1.71555517,9.155132294,NA,46,47,163,125,108,35,35,7,16,1548.203977,4290.982746,13599.54833,41801.60428,65378.31656,1720.16989,8734.426885,229.3725138,2169.480497,0.000325819,0.000332902,0.001154532,0.000885377,0.000764966,0.000247906,0.000247906,4.96E-05,0.000113328,25,1691.556229,0.000177075,2,0,19.11283157,0,1.42E-05,0,0,0,0,0,0,0,0,0,0
115,Saratok,2014,14,67486.2254,3618010.715,1076,20.07047083,0.697542181,9.220899582,NA,46,48,161,116,114,34,36,7,18,1548.203977,4300.540086,13742.8942,43798.96945,63228.04944,1681.942096,8705.75823,229.3725138,2207.706322,0.000325819,0.000339985,0.001140366,0.00082163,0.000807464,0.000240823,0.000254989,4.96E-05,0.000127494,26,1720.22559,0.000184158,2,0,19.11283157,0,1.42E-05,0,0,0,0,0,0,0,0,0,0
116,Sarikei,2010,74,58021,2471150,1142,26.81341966,2.759812099,9.959954739,0.545307089,23,4,88,66,72,26,18,7,51,573.3240582,76.44243776,10157.61675,23277.66862,22580.17428,859.9873844,15871.5169,735.7492387,1156.175213,0.000303756,5.28E-05,0.001162197,0.000871648,0.000950889,0.000343376,0.000237722,9.24E-05,0.000673546,13,372.6584253,0.000171688,2,0,57.3335456,0,2.64E-05,0,0,0,0,0,0,0,0,0,0
117,Sarikei,2011,16,63823.1,2718265,1172,27.51780021,0.581441826,9.626643896,0.401151383,23,4,89,68,75,26,18,7,51,573.3240582,76.44243776,10224.50382,23650.32311,22073.74264,859.9873844,15871.5169,735.7492387,1156.175213,0.000303756,5.28E-05,0.001175404,0.000898061,0.000990509,0.000343376,0.000237722,9.24E-05,0.000673546,13,439.548509,0.000171688,2,0,57.3335456,0,2.64E-05,0,0,0,0,0,0,0,0,0,0
118,Sarikei,2012,21,70205.41,2990091.5,1218,28.59785039,0.734320927,9.399512053,0.201715404,23,4,90,68,74,26,21,7,51,573.3240582,76.44243776,10253.17154,23745.8791,21939.96179,859.9873844,15814.18286,735.7492387,1156.175213,0.000303756,5.28E-05,0.001188611,0.000898061,0.000977302,0.000343376,0.000277343,9.24E-05,0.000673546,14,506.4396836,0.000184895,2,0,57.3335456,0,2.64E-05,0,0,0,0,0,0,0,0,0,0
119,Sarikei,2013,74,77225.951,3289100.65,1000,23.47935172,3.151705417,8.460222125,0.570238963,23,4,90,70,75,27,20,7,51,573.3240582,76.44243776,10214.94956,23898.76236,21767.96796,840.8764571,15842.84907,745.3044048,1156.175213,0.000303756,5.28E-05,0.001188611,0.000924475,0.000990509,0.000356583,0.000264136,9.24E-05,0.000673546,14,544.6617785,0.000184895,2,0,57.3335456,0,2.64E-05,0,0,0,0,0,0,0,0,0,0
120,Sarikei,2014,9,84948.5461,3618010.715,1076,25.26378245,0.356241193,9.189505577,0.072806886,23,4,86,60,86,27,21,7,50,573.3240582,76.44243776,10558.94923,25656.97765,19675.30802,831.3210524,15881.06969,745.3044048,1079.732905,0.000303756,5.28E-05,0.001135784,0.000792407,0.001135784,0.000356583,0.000277343,9.24E-05,0.000660339,16,582.8838553,0.000211309,2,0,57.3335456,0,2.64E-05,0,0,0,0,0,0,0,0,0,0
121,Selangau,2010,80,22819,2471150,1142,10.54541327,7.58623659,10.57090187,0.962887575,41,9,259,357,80,17,0,0,0,2598.410945,592.323565,42526.87886,56512.05628,271251.7398,1012.501327,0,0,0,0.000108419,2.38E-05,0.000684891,0.000944039,0.000211549,4.50E-05,0,0,0,52,3630.124698,0.000137507,0,2,0,38.20304612,0,5.29E-06,0,0,0,0,0,0,0,0,0
122,Selangau,2011,16,25100.9,2718265,1172,10.82243814,1.478409929,9.417859077,0.210745032,41,9,261,361,87,17,0,0,0,2598.410945,592.323565,43577.63434,57992.64489,268290.5205,1012.501327,0,0,0,0.000108419,2.38E-05,0.00069018,0.000954617,0.00023006,4.50E-05,0,0,0,60,4059.999925,0.000158662,0,2,0,38.20304612,0,5.29E-06,0,0,0,0,0,0,0,0,0
123,Selangau,2012,49,27610.99,2990091.5,1218,11.2472096,4.356636157,9.937419415,0.585118966,41,9,258,357,92,16,0,0,0,2598.410945,592.323565,44255.8689,59091.18442,266351.3522,955.1932073,0,0,0,0.000108419,2.38E-05,0.000682247,0.000944039,0.000243282,4.23E-05,0,0,0,66,4279.7023,0.000174528,0,2,0,38.20304612,0,5.29E-06,0,0,0,0,0,0,0,0,0
124,Selangau,2013,14,30372.089,3289100.65,1000,9.234162232,1.516109383,9.02439642,0.948036375,41,9,263,362,96,16,0,0,0,2598.410945,592.323565,44542.39094,59444.59741,265510.8378,811.9367698,0,0,0,0.000108419,2.38E-05,0.000695469,0.000957261,0.000253859,4.23E-05,0,0,0,71,4623.538061,0.00018775,0,2,0,38.20304612,0,5.29E-06,0,0,0,0,0,0,0,0,0
125,Selangau,2014,51,33409.2979,3618010.715,1076,9.935958562,5.132871648,9.425623894,0.194664492,41,9,278,340,127,14,0,0,0,2607.964452,592.323565,46070.79889,64689.01972,257219.0457,630.4305975,0,0,0,0.000108419,2.38E-05,0.000735134,0.000899085,0.000335835,3.70E-05,0,0,0,91,6314.452591,0.000240637,0,2,0,38.20304612,0,5.29E-06,0,0,0,0,0,0,0,0,0
126,Serlan,2010,59,91599,2471150,1142,42.33092204,1.393780177,11.62050724,0.299090719,21,57,330,73,202,6,6,6,0,879.5059031,4894.604072,32609.36544,122569.7933,50304.29021,210.3195098,162.5172939,172.0756202,0,9.78E-05,0.000265452,0.001536829,0.000339965,0.000940726,2.79E-05,2.79E-05,2.79E-05,0,55,2724.605188,0.000256138,2,9,38.23961956,162.5177533,9.31E-06,4.19E-05,0,0,0,0,0,0,0,0,0
127,Serlan,2011,26,100758.9,2718265,1172,43.44294276,0.59848616,10.74673796,0.816955313,21,58,334,71,213,5,6,6,0,860.3861679,4904.16345,33058.66601,123793.415,48411.49929,143.404499,162.5172939,172.0756202,0,9.78E-05,0.000270109,0.001555457,0.000330651,0.000991953,2.33E-05,2.79E-05,2.79E-05,0,58,3001.830274,0.000270109,2,9,38.23961956,181.6367138,9.31E-06,4.19E-05,0,0,0,0,0,0,0,0,0
128,Serlan,2012,61,110834.79,2990091.5,1218,45.1480412,1.351110666,9.726625443,0.320039743,21,58,349,67,231,3,6,6,0,860.3861679,4904.16345,33507.99933,125705.3925,45715.57474,38.23984953,162.5172939,181.6353451,0,9.78E-05,0.000270109,0.001625313,0.000312023,0.00107578,1.40E-05,2.79E-05,2.79E-05,0,66,3432.048945,0.000307366,2,9,38.23961956,181.6367138,9.31E-06,4.19E-05,0,0,0,0,0,0,0,0,0
129,Serlan,2013,39,121918.269,3289100.65,1000,37.0673573,1.05213867,10.44322395,0.420722616,21,58,350,66,233,3,6,8,0,860.3861679,4894.603638,33622.71902,126039.9769,45132.43388,38.23984953,162.5172939,200.754786,0,9.78E-05,0.000270109,0.00162997,0.000307366,0.001085095,1.40E-05,2.79E-05,3.73E-05,0,67,3556.326105,0.000312023,2,9,38.23961956,181.6367138,9.31E-06,4.19E-05,0,0,0,0,0,0,0,0,0
130,Serlan,2014,1,134110.0959,3618010.715,1076,39.88447646,0.025072411,8.851834297,0.614650577,21,59,344,68,238,1,6,8,0,860.3861679,4913.722172,33565.35584,127770.262,43402.15237,19.12109719,162.5172939,210.3145406,0,9.78E-05,0.000274766,0.001602028,0.00031668,0.00110838,4.66E-06,2.79E-05,3.73E-05,0,70,3604.126134,0.000325994,2,9,38.23961956,181.6367138,9.31E-06,4.19E-05,0,0,0,0,0,0,0,0,0
131,Sibu,2010,52,247995,2471150,1142,114.6066771,0.453725746,9.265790939,NA,85,29,258,258,173,26,14,20,5,4012.452673,821.6751744,44587.94731,53073.18031,77521.1774,4031.636819,296.1719179,2742.032242,6917.324821,0.000423455,0.000144473,0.001285311,0.001285311,0.000861856,0.000129527,6.97E-05,9.96E-05,2.49E-05,79,6276.988266,0.000393564,0,11,0,449.003157,0,5.48E-05,0,0,0,0,0,0,0,0,0
132,Sibu,2011,56,272794.5,2718265,1172,117.6173603,0.47612019,9.172394753,NA,85,29,263,258,187,25,14,21,5,4022.006354,821.6751744,45247.15195,54190.98289,75285.54621,3974.321426,296.1719179,2828.020115,6917.324821,0.000423455,0.000144473,0.00131022,0.001285311,0.000931602,0.000124546,6.97E-05,0.000104618,2.49E-05,85,6640.064156,0.000423455,0,13,0,506.3250861,0,6.48E-05,0,0,0,0,0,0,0,0,0
133,Sibu,2012,63,300073.95,2990091.5,1218,122.2337414,0.51540597,9.137850761,NA,85,29,276,256,203,25,14,21,5,4022.006354,821.6751744,45868.1433,57534.79872,70976.7876,3926.546917,296.1719179,2856.68204,6917.324821,0.000423455,0.000144473,0.001374984,0.001275348,0.001011311,0.000124546,6.97E-05,0.000104618,2.49E-05,88,6993.573322,0.000438401,0,14,0,515.8799198,0,6.97E-05,0,0,0,0,0,0,0,0,0
134,Sibu,2013,50,330081.345,3289100.65,1000,100.3561095,0.498225771,7.758374691,NA,84,29,278,259,206,25,14,21,5,4002.897379,821.6751744,45906.3593,58251.41523,70155.07543,3926.546917,296.1719179,2971.330595,6917.324821,0.000418473,0.000144473,0.001384948,0.001290293,0.001026256,0.000124546,6.97E-05,0.000104618,2.49E-05,91,6964.913406,0.000453346,0,14,0,515.8799198,0,6.97E-05,0,0,0,0,0,0,0,0,0
135,Sibu,2014,82,363089.4795,3618010.715,1076,107.9831738,0.759377569,9.173898697,NA,82,29,274,233,223,25,14,22,5,4098.440672,831.2302704,46546.44995,63649.46237,63925.85348,3916.992205,286.6187011,3114.639577,6917.324821,0.00040851,0.000144473,0.00136502,0.001160766,0.001110947,0.000124546,6.97E-05,0.0001096,2.49E-05,94,6917.143342,0.000468292,0,15,0,525.4347036,0,7.47E-05,0,0,0,0,0,0,0,0,0
136,Simunjan,2010,17,39226,2471150,1142,18.12762965,0.937794976,11.80418873,NA,39,87,278,280,151,134,35,11,89,1873.632438,13391.80867,29911.01142,42462.38444,103124.5996,12025.16606,2571.268022,152.9383073,2303.665814,0.000181949,0.000405887,0.001296972,0.001306302,0.00070447,0.000625159,0.000163288,5.13E-05,0.000415218,85,6261.344234,0.000396556,6,5,133.8332268,133.8286061,2.80E-05,2.33E-05,0,0,0,0,0,0,0,0,0
137,Simunjan,2011,23,43148.6,2718265,1172,18.60383708,1.236304097,11.1228323,NA,39,89,292,272,158,131,35,12,88,1864.072937,13449.16076,30618.39048,44727.91341,99692.85976,11881.77983,2571.268022,162.4978079,2294.106912,0.000181949,0.000415218,0.001362287,0.001268979,0.000737128,0.000611163,0.000163288,5.60E-05,0.000410552,96,6796.651193,0.000447875,8,5,152.9511011,133.8286061,3.73E-05,2.33E-05,0,0,0,0,0,0,0,0,0
138,Simunjan,2012,80,47463.46,2990091.5,1218,19.33402181,4.137783684,9.985995293,NA,40,97,306,259,168,120,35,12,88,1854.513446,13716.81568,31631.67055,47806.01622,94922.75842,11661.92017,2571.268022,172.0572992,2294.106912,0.000186615,0.00045254,0.001427602,0.00120833,0.000783781,0.000559844,0.000163288,5.60E-05,0.000410552,110,7207.704246,0.00051319,10,5,372.8212336,133.8286061,4.67E-05,2.33E-05,0,0,0,0,0,0,0,0,0
139,Simunjan,2013,39,52209.806,3289100.65,1000,15.87358113,2.456912507,10.61036777,NA,40,97,309,245,176,115,35,12,88,1854.513446,13745.49118,31928.00432,49383.28212,93001.35847,11556.77406,2571.268022,181.6167998,2294.106912,0.000186615,0.00045254,0.001441598,0.001143015,0.000821104,0.000536517,0.000163288,5.60E-05,0.000410552,110,7303.297305,0.00051319,11,6,382.3804205,143.3877397,5.13E-05,2.80E-05,0,0,0,0,0,0,0,0,0
140,Simunjan,2014,2,57430.7866,3618010.715,1076,17.07997329,0.117096202,9.283643723,NA,40,107,324,201,192,101,39,12,86,1854.513446,14194.74988,33027.32837,57442.01482,83709.4511,11394.27288,2991.846879,200.7346897,1395.599947,0.000186615,0.000499194,0.001511578,0.000937738,0.00089575,0.000471202,0.000181949,5.60E-05,0.000401221,116,7523.16706,0.000541182,14,7,439.7365446,172.0651958,6.53E-05,3.27E-05,0,0,0,0,0,0,0,0,0
141,Song,2010,53,20595,2471150,1142,9.517629444,5.56861352,12.52536869,NA,15,13,67,131,5,7,0,1,2,783.5974564,707.1948076,2303.036019,8715.516493,392130.7377,143.3480149,0,9.555868966,1280.479738,3.69E-05,3.20E-05,0.000164937,0.000322488,1.23E-05,1.72E-05,0,2.46E-06,4.92E-06,2,143.3388766,4.92E-06,0,0,0,0,0,0,0,0,0,0,0,0,0,0,0
142,Song,2011,72,22654.5,2718265,1172,9.767654736,7.371267919,10.27379704,NA,15,13,60,137,5,7,0,1,2,783.5974564,707.1948076,2025.921968,8285.512956,392837.8553,143.3480149,0,9.555868966,1280.479738,3.69E-05,3.20E-05,0.000147704,0.000337258,1.23E-05,1.72E-05,0,2.46E-06,4.92E-06,2,143.3388766,4.92E-06,0,0,0,0,0,0,0,0,0,0,0,0,0,0,0
143,Song,2012,5,24919.95,2990091.5,1218,10.15102685,0.492561006,11.17694378,NA,15,13,58,137,5,7,0,1,2,783.5974564,707.1948076,1920.810099,8285.512956,392942.9672,143.3480149,0,9.555868966,1280.479738,3.69E-05,3.20E-05,0.000142781,0.000337258,1.23E-05,1.72E-05,0,2.46E-06,4.92E-06,2,143.3388766,4.92E-06,0,0,0,0,0,0,0,0,0,0,0,0,0,0,0
144,Song,2013,70,27411.945,3289100.65,1000,8.334176396,8.399150279,10.33920479,NA,15,13,62,140,5,5,0,1,2,783.5974564,707.1948076,1978.147993,8333.293637,392790.0655,114.6788889,0,9.555868966,1280.479738,3.69E-05,3.20E-05,0.000152628,0.000344644,1.23E-05,1.23E-05,0,2.46E-06,4.92E-06,3,219.7911467,7.39E-06,0,0,0,0,0,0,0,0,0,0,0,0,0,0,0
145,Song,2014,67,30153.1395,3618010.715,1076,8.967573802,7.4713631,9.622577667,NA,15,13,64,145,7,5,0,1,2,783.5974564,707.1948076,2016.373712,9222.009227,391777.1158,114.6788889,0,9.555868966,1280.479738,3.69E-05,3.20E-05,0.000157551,0.000356952,1.72E-05,1.23E-05,0,2.46E-06,4.92E-06,4,305.7995114,9.85E-06,0,0,0,0,0,0,0,0,0,0,0,0,0,0,0
146,Sri_Aman,2010,32,66790,2471150,1142,30.86586407,1.03674402,11.37341642,0.076711985,62,87,450,415,185,55,22,18,28,2896.558828,5382.09123,48018.15109,98159.13132,238284.2491,17598.28465,573.5429581,831.6577688,4072.229936,0.000147213,0.000206572,0.001068478,0.000985374,0.000439263,0.000130592,5.22E-05,4.27E-05,6.65E-05,86,4454.781594,0.000204198,0,10,0,803.0065311,0,2.37E-05,1,9.559949435,2.37E-06,5,76.47871677,1.19E-05,0,0,0
147,Sri_Aman,2011,17,73469,2718265,1172,31.67670113,0.536672046,9.674729347,0.3350371,62,87,455,412,187,54,22,18,28,2896.558828,5382.09123,48171.09569,98704.02419,237347.4246,17579.16585,573.5429581,831.6577688,4072.229936,0.000147213,0.000206572,0.00108035,0.000978251,0.000444012,0.000128217,5.22E-05,4.27E-05,6.65E-05,91,4703.327895,0.00021607,0,11,0,812.5661408,0,2.61E-05,1,9.559949435,2.37E-06,5,76.47871677,1.19E-05,0,0,0
148,Sri_Aman,2012,24,80815.9,2990091.5,1218,32.91998462,0.729040438,9.82433176,0.174102899,62,89,455,406,199,53,22,18,28,2896.558828,5401.210236,48849.83262,100692.4388,234307.4466,17569.60617,573.5429581,831.6577688,4072.229936,0.000147213,0.000211321,0.00108035,0.000964005,0.000472505,0.000125843,5.22E-05,4.27E-05,6.65E-05,100,5066.59497,0.00023744,0,11,0,812.5661408,0,2.61E-05,1,9.559949435,2.37E-06,5,76.47871677,1.19E-05,0,0,0
149,Sri_Aman,2013,3,88897.49,3289100.65,1000,27.02790199,0.110996407,9.505263329,0.223801789,62,92,479,384,222,52,22,18,28,2896.558828,5458.5681,49748.4382,105424.4484,228342.2459,17531.36818,573.5429581,841.2173982,4072.229936,0.000147213,0.000218444,0.001137336,0.000911768,0.000527116,0.000123469,5.22E-05,4.27E-05,6.65E-05,104,5362.941683,0.000246937,0,12,0,822.1254766,0,2.85E-05,1,9.559949435,2.37E-06,5,76.47871677,1.19E-05,0,0,0
150,Sri_Aman,2014,6,97787.239,3618010.715,1076,29.08202254,0.206313024,8.595265388,0.095334148,64,93,483,369,252,52,22,17,27,2973.036931,5515.925238,50694.85746,113120.032,219748.0278,17464.45209,697.8111018,860.3365376,3766.338859,0.000151961,0.000220819,0.001146833,0.000876152,0.000598348,0.000123469,5.22E-05,4.04E-05,6.41E-05,105,5401.182343,0.000249312,1,12,9.559243236,822.1254766,2.37E-06,2.85E-05,1,9.559949435,2.37E-06,5,76.47871677,1.19E-05,0,0,0
151,Tatau,2010,9,30383,2471150,1142,14.04098739,0.640980563,11.22894382,NA,68,50,375,406,48,61,5,5,15,3657.685497,1642.591695,24668.211,49433.87026,410055.6606,5482.041652,152.7672625,57.29690877,276.8993716,0.000136857,0.00010063,0.000754726,0.000817117,9.66E-05,0.000122769,1.01E-05,1.01E-05,3.02E-05,39,1441.965339,7.85E-05,0,0,0,0,0,0,0,0,0,0,0,0,0,0,0
152,Tatau,2011,45,33421.3,2718265,1172,14.40983995,3.122866052,9.30603981,NA,68,56,392,430,52,59,5,5,15,3657.685497,1766.772176,25604.2057,51754.63611,405796.0439,5376.984016,152.7672625,57.29690877,276.8993716,0.000136857,0.000112706,0.00078894,0.000865419,0.000104655,0.000118744,1.01E-05,1.01E-05,3.02E-05,58,2425.698626,0.000116731,0,0,0,0,0,0,0,0,0,0,0,0,0,0,0
153,Tatau,2012,36,36763.43,2990091.5,1218,14.97541388,2.403940238,10.31048393,NA,68,56,403,443,52,56,5,5,15,3657.685497,1766.772176,26014.88895,53416.23045,403446.8167,5329.228174,152.7672625,57.29690877,276.8993716,0.000136857,0.000112706,0.000811079,0.000891583,0.000104655,0.000112706,1.01E-05,1.01E-05,3.02E-05,64,2750.404074,0.000128807,0,0,0,0,0,0,0,0,0,0,0,0,0,0,0
154,Tatau,2013,13,40439.773,3289100.65,1000,12.29508528,1.057333048,10.08421898,NA,68,56,406,443,55,56,5,5,15,3657.685497,1766.772176,26129.49232,54342.66472,402262.5127,5243.262923,152.7672625,57.29690877,276.8993716,0.000136857,0.000112706,0.000817117,0.000891583,0.000110693,0.000112706,1.01E-05,1.01E-05,3.02E-05,65,2979.635679,0.000130819,0,0,0,0,0,0,0,0,0,0,0,0,0,0,0
155,Tatau,2014,82,44483.7503,3618010.715,1076,13.22951177,6.198263508,9.703649521,NA,67,56,448,452,100,60,5,5,15,3734.081244,1843.173609,27924.97398,60703.38575,391289.0758,3848.660193,152.7672625,66.84659016,276.8993716,0.000134844,0.000112706,0.000901646,0.000909697,0.00020126,0.000120756,1.01E-05,1.01E-05,3.02E-05,113,7029.125802,0.000227424,0,0,0,0,0,0,0,0,0,0,0,0,0,0,0
